{"text": " Hoy tengo pensado hacer un viaje a bacalar M\u00e9xico, saliendo desde M\u00e1laga, somos dos personas y queremos estar una semana. Busca donde quedarnos en Chetumal, renta de coche y renta de habitaci\u00f3n. Y dime cu\u00e1nto saldr\u00eda, damos los links de todas las cosas.", "segments": [{"id": 0, "seek": 0, "start": 0.0, "end": 12.0, "text": " Hoy tengo pensado hacer un viaje a bacalar M\u00e9xico, saliendo desde M\u00e1laga, somos dos personas y queremos estar una semana.", "tokens": [50364, 28664, 13989, 6099, 1573, 6720, 517, 48932, 257, 6857, 12031, 28128, 11, 1845, 7304, 10188, 376, 11447, 9286, 11, 25244, 4491, 12019, 288, 26813, 8755, 2002, 20205, 13, 50964], "temperature": 0.0, "avg_logprob": -0.32238787820894427, "compression_ratio": 1.3796791443850267, "no_speech_prob": 0.13413724303245544}, {"id": 1, "seek": 0, "start": 12.0, "end": 27.0, "text": " Busca donde quedarnos en Chetumal, renta de coche y renta de habitaci\u00f3n. Y dime cu\u00e1nto saldr\u00eda, damos los links de todas las cosas.", "tokens": [50964, 8006, 496, 10488, 13617, 24979, 465, 761, 302, 449, 304, 11, 6214, 64, 368, 598, 1876, 288, 6214, 64, 368, 7164, 3482, 13, 398, 36330, 44256, 78, 1845, 16753, 2686, 11, 274, 2151, 1750, 6123, 368, 10906, 2439, 12218, 13, 51714], "temperature": 0.0, "avg_logprob": -0.32238787820894427, "compression_ratio": 1.3796791443850267, "no_speech_prob": 0.13413724303245544}], "language": "Spanish"}